{
	"credit": "Made with Blockbench",
	"parent": "minecraft:item/handheld",
	"textures": {
		"layer0": "item/knowledge_book"
	},
	"display": {
		"thirdperson_righthand": {
			"rotation": [130, -90, 0],
			"translation": [0, -1.75, 0.5],
			"scale": [0.9, 0.9, 1.3]
		},
		"thirdperson_lefthand": {
			"rotation": [130, 90, 0],
			"translation": [0, -1.75, 0.5],
			"scale": [0.9, 0.9, 1.3]
		},
		"head": {
			"rotation": [-180, -90, 53],
			"translation": [0.5, 40, 0],
			"scale": [4, 4, 4]
		}
	}
}