{
	"credit": "Made with Blockbench",
	"parent": "minecraft:item/handheld",
	"textures": {
		"layer0": "item/stick"
	},
	"display": {
		"thirdperson_righthand": {
			"rotation": [-43, -90, 0],
			"translation": [0, 2.5, 1],
			"scale": [1.1, 1.1, 1.5]
		},
		"thirdperson_lefthand": {
			"rotation": [-43, 90, 0],
			"translation": [0, 2.5, 1],
			"scale": [1.1, 1.1, 1.5]
		},
		"firstperson_righthand": {
			"rotation": [-100, -90, -52],
			"translation": [2.25, 1.75, 0],
			"scale": [0.8, 0.8, 0.78]
		},
		"firstperson_lefthand": {
			"rotation": [-100, 90, 52],
			"translation": [2.25, 1.75, 0],
			"scale": [0.8, 0.8, 0.78]
		},
		"head": {
			"rotation": [-180, -90, 53],
			"translation": [0.5, 40, 0],
			"scale": [4, 4, 4]
		}
	}
}